Page title,URL Link
The Hidden Costs You Might Neglect When Using Legacy Freight Forwarding Systems,https://www.gofreight.co/blog/hidden-costs-you-might-neglect-when-using-legacy-freight-forwarding-systems.html
What is Incoterms 2020? All You Need to Know,https://www.gofreight.co/?post_type=post&p=3295
"Cyber attacks on logistics companies: Freight Forwarders, protect your data from ransomware",https://www.gofreight.co/?post_type=post&p=2380
Freight Forwarders: 6 Tips to Get Through Peak Shipping Season,https://www.gofreight.co/?post_type=post&p=2340
Customer Relationship Management in Logistics,https://www.gofreight.co/?post_type=post&p=639
How can Ocean Freight Software Benefit Freight Forwarders?,https://www.gofreight.co/?post_type=post&p=626
The Complete Guide to Expedited Shipping for Freight Forwarders 2020,https://www.gofreight.co/?post_type=post&p=594
What is Sea Freight?,https://www.gofreight.co/?post_type=post&p=339
How E-Commerce is Changing Freight Forwarding?,https://www.gofreight.co/?post_type=post&p=32
How do Freight Forwarders Work from Home?,https://www.gofreight.co/?post_type=post&p=272
Freight Forwarding Trends: 2020 and Beyond,https://www.gofreight.co/?post_type=post&p=537
Digital Freight Forwarder,https://www.gofreight.co/?post_type=post&p=35
How to Apply for an NVOCC License?,https://www.gofreight.co/?post_type=post&p=15
Air Waybill,https://www.gofreight.co/?post_type=post&p=45
"Freight Forwarding Industry Status â€“ April, 2020",https://www.gofreight.co/?post_type=post&p=461
Forwarding Management Software as a Service: Simple yet Powerful,https://www.gofreight.co/?post_type=post&p=127
Everything you need to know about freight forwarding insurance,https://www.gofreight.co/?post_type=post&p=445
What to Look for When Searching for Freight Forwarding Software,https://www.gofreight.co/?post_type=post&p=393
10 Facts About Freight Forwarding Everyone Should Know,https://www.gofreight.co/?post_type=post&p=332
A Complete Guide to the Automated Export System  2020,https://www.gofreight.co/?post_type=post&p=191
Attract first 100 followers to your LinkedIn page as a freight forwarder,https://www.gofreight.co/?post_type=post&p=51
How to File ISF online? A Simple Guide to Nail Security Filing,https://www.gofreight.co/?post_type=post&p=26
Top 10 Freight Forwarding Best Practices for Freight Forwarders,https://www.gofreight.co/?post_type=post&p=536
The Top Things You Need to Consider When Choosing a Freight Forwarding Software,https://www.gofreight.co/?post_type=post&p=54
What is Bill of Lading: The First Step To Know The Freight Forwarding Process,https://www.gofreight.co/?post_type=post&p=48
Customer Portal: Your Ideal Weapon on Freight Battleground,https://www.gofreight.co/?post_type=post&p=58
Container Tracking: The Solution to Shipment Visibility,https://www.gofreight.co/?post_type=post&p=42
